﻿<?xml version="1.0" encoding="utf-8" standalone="yes"?>
<!--::Sprite Mapping generated by Sprite Vortex::-->
<SpriteMapping>
   <Texture Path="enemies.png" Name="enemies.png" />
   <TransparentColors />
   <Sprites>
      <Sprite Name="Sprite0" Id="0">
         <Coordinates>
            <X>2</X>
            <Y>10</Y>
            <Width>40</Width>
            <Height>24</Height>
         </Coordinates>
      </Sprite>
      <Sprite Name="Sprite1" Id="1">
         <Coordinates>
            <X>51</X>
            <Y>12</Y>
            <Width>50</Width>
            <Height>24</Height>
         </Coordinates>
      </Sprite>
      <Sprite Name="Sprite2" Id="2">
         <Coordinates>
            <X>105</X>
            <Y>9</Y>
            <Width>50</Width>
            <Height>24</Height>
         </Coordinates>
      </Sprite>
      <Sprite Name="Sprite3" Id="3">
         <Coordinates>
            <X>164</X>
            <Y>7</Y>
            <Width>40</Width>
            <Height>23</Height>
         </Coordinates>
      </Sprite>
      <Sprite Name="Sprite4" Id="4">
         <Coordinates>
            <X>0</X>
            <Y>60</Y>
            <Width>44</Width>
            <Height>29</Height>
         </Coordinates>
      </Sprite>
      <Sprite Name="Sprite5" Id="5">
         <Coordinates>
            <X>53</X>
            <Y>51</Y>
            <Width>30</Width>
            <Height>30</Height>
         </Coordinates>
      </Sprite>
      <Sprite Name="Sprite6" Id="6">
         <Coordinates>
            <X>89</X>
            <Y>51</Y>
            <Width>30</Width>
            <Height>30</Height>
         </Coordinates>
      </Sprite>
      <Sprite Name="Sprite7" Id="7">
         <Coordinates>
            <X>127</X>
            <Y>50</Y>
            <Width>27</Width>
            <Height>31</Height>
         </Coordinates>
      </Sprite>
      <Sprite Name="Sprite8" Id="8">
         <Coordinates>
            <X>162</X>
            <Y>51</Y>
            <Width>32</Width>
            <Height>30</Height>
         </Coordinates>
      </Sprite>
   </Sprites>
   <Animations>
      <Animation Name="GrowndEnemy" FrameRate="20" Loop="True" PingPong="False">
         <Frames>
            <Frame SpriteId="6" OriginX="15" OriginY="15" OffSetX="0" OffSetY="0" Duration="0,05" />
            <Frame SpriteId="7" OriginX="13,5" OriginY="15,5" OffSetX="0" OffSetY="0" Duration="0,05" />
            <Frame SpriteId="5" OriginX="15" OriginY="15" OffSetX="0" OffSetY="0" Duration="0,05" />
            <Frame SpriteId="8" OriginX="16" OriginY="13,5" OffSetX="0" OffSetY="0" Duration="0,05" />
         </Frames>
      </Animation>
      <Animation Name="FlyingEnemy" FrameRate="20" Loop="True" PingPong="False">
         <Frames>
            <Frame SpriteId="4" OriginX="22" OriginY="14,5" OffSetX="0" OffSetY="0" Duration="0,05" />
            <Frame SpriteId="2" OriginX="25" OriginY="12" OffSetX="0" OffSetY="0" Duration="0,05" />
            <Frame SpriteId="3" OriginX="20" OriginY="11,5" OffSetX="0" OffSetY="0" Duration="0,05" />
            <Frame SpriteId="0" OriginX="20" OriginY="12" OffSetX="0" OffSetY="0" Duration="0,05" />
            <Frame SpriteId="1" OriginX="25" OriginY="12" OffSetX="0" OffSetY="0" Duration="0,05" />
         </Frames>
      </Animation>
   </Animations>
</SpriteMapping>